{
  "A0": {
    "acc_mean": 0.8405769230769231,
    "acc_std": 0.06281204155337228,
    "fold_accs": [
      0.75,
      0.9,
      0.875,
      0.875,
      0.925,
      0.85,
      0.7948717948717948,
      0.8717948717948718,
      0.717948717948718,
      0.8461538461538461
    ],
    "name": "A0 Full Baseline ET+EEG+BEH",
    "config": {
      "zero_et": false,
      "zero_eeg": false,
      "zero_beh": false,
      "n_aug": 2,
      "noise_std": 0.03
    }
  },
  "A1": {
    "acc_mean": 0.7928846153846154,
    "acc_std": 0.056730189769603284,
    "fold_accs": [
      0.75,
      0.825,
      0.875,
      0.775,
      0.775,
      0.775,
      0.7692307692307693,
      0.8974358974358975,
      0.7948717948717948,
      0.6923076923076923
    ],
    "name": "A1 ET only (EEG=0, BEH=0)",
    "config": {
      "zero_et": false,
      "zero_eeg": true,
      "zero_beh": true,
      "n_aug": 2,
      "noise_std": 0.03
    }
  },
  "A2": {
    "acc_mean": 0.7725641025641025,
    "acc_std": 0.04880036887801003,
    "fold_accs": [
      0.75,
      0.8,
      0.775,
      0.725,
      0.85,
      0.8,
      0.6666666666666666,
      0.7692307692307693,
      0.7692307692307693,
      0.8205128205128205
    ],
    "name": "A2 EEG only (ET=0, BEH=0)",
    "config": {
      "zero_et": true,
      "zero_eeg": false,
      "zero_beh": true,
      "n_aug": 2,
      "noise_std": 0.03
    }
  },
  "A3": {
    "acc_mean": 0.851153846153846,
    "acc_std": 0.05088290175484068,
    "fold_accs": [
      0.775,
      0.825,
      0.85,
      0.825,
      0.9,
      0.875,
      0.8974358974358975,
      0.9487179487179487,
      0.7948717948717948,
      0.8205128205128205
    ],
    "name": "A3 BEH only (ET=0, EEG=0)",
    "config": {
      "zero_et": true,
      "zero_eeg": true,
      "zero_beh": false,
      "n_aug": 2,
      "noise_std": 0.03
    }
  },
  "A4": {
    "acc_mean": 0.8076923076923077,
    "acc_std": 0.05468065198506838,
    "fold_accs": [
      0.775,
      0.825,
      0.875,
      0.825,
      0.9,
      0.8,
      0.717948717948718,
      0.8461538461538461,
      0.7435897435897436,
      0.7692307692307693
    ],
    "name": "A4 ET+EEG (BEH=0)",
    "config": {
      "zero_et": false,
      "zero_eeg": false,
      "zero_beh": true,
      "n_aug": 2,
      "noise_std": 0.03
    }
  },
  "A5": {
    "acc_mean": 0.8155128205128206,
    "acc_std": 0.036274122536761176,
    "fold_accs": [
      0.75,
      0.825,
      0.8,
      0.85,
      0.875,
      0.85,
      0.8205128205128205,
      0.8205128205128205,
      0.7948717948717948,
      0.7692307692307693
    ],
    "name": "A5 ET+BEH (EEG=0)",
    "config": {
      "zero_et": false,
      "zero_eeg": true,
      "zero_beh": false,
      "n_aug": 2,
      "noise_std": 0.03
    }
  },
  "A6": {
    "acc_mean": 0.8080769230769231,
    "acc_std": 0.04950876372656734,
    "fold_accs": [
      0.8,
      0.825,
      0.775,
      0.8,
      0.9,
      0.75,
      0.8461538461538461,
      0.8717948717948718,
      0.7435897435897436,
      0.7692307692307693
    ],
    "name": "A6 EEG+BEH (ET=0)",
    "config": {
      "zero_et": true,
      "zero_eeg": false,
      "zero_beh": false,
      "n_aug": 2,
      "noise_std": 0.03
    }
  },
  "C0": {
    "acc_mean": 0.8405769230769231,
    "acc_std": 0.06281204155337228,
    "fold_accs": [
      0.75,
      0.9,
      0.875,
      0.875,
      0.925,
      0.85,
      0.7948717948717948,
      0.8717948717948718,
      0.717948717948718,
      0.8461538461538461
    ],
    "name": "C0 Full Model Baseline",
    "config": {
      "zero_et": false,
      "zero_eeg": false,
      "zero_beh": false,
      "n_aug": 2,
      "noise_std": 0.03
    }
  },
  "C1": {
    "acc_mean": 0.8282692307692308,
    "acc_std": 0.037041576672259297,
    "fold_accs": [
      0.8,
      0.8,
      0.875,
      0.85,
      0.875,
      0.775,
      0.7948717948717948,
      0.8461538461538461,
      0.7948717948717948,
      0.8717948717948718
    ],
    "name": "C1 No Gating (NoGate)",
    "config": {
      "model_class": "NoGate_Model",
      "n_aug": 2,
      "noise_std": 0.03
    }
  },
  "C2": {
    "acc_mean": 0.8252564102564103,
    "acc_std": 0.06710176067241898,
    "fold_accs": [
      0.8,
      0.85,
      0.9,
      0.85,
      0.9,
      0.85,
      0.7692307692307693,
      0.8717948717948718,
      0.6666666666666666,
      0.7948717948717948
    ],
    "name": "C2 No ASC (NoASC)",
    "config": {
      "model_class": "NoASC_Model",
      "n_aug": 2,
      "noise_std": 0.03
    }
  },
  "C3": {
    "acc_mean": 0.8257051282051282,
    "acc_std": 0.05088746430771178,
    "fold_accs": [
      0.725,
      0.875,
      0.9,
      0.85,
      0.85,
      0.775,
      0.7948717948717948,
      0.8717948717948718,
      0.7948717948717948,
      0.8205128205128205
    ],
    "name": "C3 No EEG Sub-branch (NoEEGSub)",
    "config": {
      "model_class": "NoEEGSub_Model",
      "n_aug": 2,
      "noise_std": 0.03
    }
  },
  "C4": {
    "acc_mean": 0.813076923076923,
    "acc_std": 0.04265417562472461,
    "fold_accs": [
      0.8,
      0.775,
      0.8,
      0.85,
      0.9,
      0.775,
      0.7692307692307693,
      0.8461538461538461,
      0.7692307692307693,
      0.8461538461538461
    ],
    "name": "C4 No Gating + No ASC (NoGateNoASC)",
    "config": {
      "model_class": "NoGateNoASC_Model",
      "n_aug": 2,
      "noise_std": 0.03
    }
  },
  "C5": {
    "acc_mean": 0.7976923076923077,
    "acc_std": 0.07091679153415653,
    "fold_accs": [
      0.75,
      0.8,
      0.8,
      0.8,
      0.9,
      0.85,
      0.717948717948718,
      0.9230769230769231,
      0.717948717948718,
      0.717948717948718
    ],
    "name": "C5 No Data Augmentation (n_aug=0)",
    "config": {
      "model_class": "T0_Baseline",
      "n_aug": 0,
      "noise_std": 0.03
    }
  }
}