{
  "B0": {
    "name": "B0 DCM-DNN (Full Model)",
    "acc_mean": 0.8405769230769231,
    "acc_std": 0.06281204155337228,
    "fold_accs": [
      0.75,
      0.9,
      0.875,
      0.875,
      0.925,
      0.85,
      0.7948717948717948,
      0.8717948717948718,
      0.717948717948718,
      0.8461538461538461
    ],
    "n_params": 13588,
    "train_time_s": 529.88
  },
  "B1": {
    "name": "B1 Logistic Regression",
    "acc_mean": 0.8258333333333333,
    "acc_std": 0.06565933363475164,
    "fold_accs": [
      0.8,
      0.775,
      0.875,
      0.775,
      0.875,
      0.825,
      0.7692307692307693,
      0.9743589743589743,
      0.7435897435897436,
      0.8461538461538461
    ],
    "n_params": null,
    "train_time_s": 0.73
  },
  "B3": {
    "name": "B3 SVM (RBF kernel)",
    "acc_mean": 0.7976923076923077,
    "acc_std": 0.05390579724842981,
    "fold_accs": [
      0.8,
      0.75,
      0.875,
      0.875,
      0.85,
      0.75,
      0.7948717948717948,
      0.8205128205128205,
      0.7435897435897436,
      0.717948717948718
    ],
    "n_params": null,
    "train_time_s": 2.2
  },
  "B5": {
    "name": "B5 Simple MLP (67→64→32→2)",
    "acc_mean": 0.8129487179487178,
    "acc_std": 0.06386095493147613,
    "fold_accs": [
      0.8,
      0.725,
      0.875,
      0.825,
      0.875,
      0.85,
      0.7435897435897436,
      0.9230769230769231,
      0.7692307692307693,
      0.7435897435897436
    ],
    "n_params": 6498,
    "train_time_s": 206.33
  },
  "B6": {
    "name": "B6 Matched MLP (67→128→64→32→2)",
    "acc_mean": 0.8209615384615384,
    "acc_std": 0.05860534634864223,
    "fold_accs": [
      0.8,
      0.75,
      0.85,
      0.8,
      0.875,
      0.75,
      0.8461538461538461,
      0.9230769230769231,
      0.7435897435897436,
      0.8717948717948718
    ],
    "n_params": 19362,
    "train_time_s": 175.55
  }
}